{
  "appid": "wxd1bb658f4b214f3c",
  "compileType": "miniprogram",
  "cloudfunctionRoot": "cloudfunctions/",
  "libVersion": "3.8.0",
  "packOptions": {
    "ignore": [],
    "include": []
  },
  "setting": {
    "coverView": true,
    "es6": true,
    "postcss": true,
    "minified": true,
    "enhance": true,
    "showShadowRootInWxmlPanel": true,
    "packNpmManually": true,
    "packNpmRelationList": [
      {
        "packageJsonPath": "./miniprogram/package.json",
        "miniprogramNpmDistDir": "./miniprogram"
      }
    ],
    "babelSetting": {
      "ignore": [],
      "disablePlugins": [],
      "outputPath": ""
    }
  },
  "condition": {},
  "editorSetting": {
    "tabIndent": "insertSpaces",
    "tabSize": 2
  },
  "cloudfunctionTemplateRoot": "cloudfunctionTemplate/"
}